<HDon><DLHDon Id="DL"><TTChung><PBan>2.1.0</PBan><THDon>Hóa đơn điện tử giá trị gia tăng</THDon><KHMSHDon>1</KHMSHDon><KHHDon>C25MGA</KHHDon><SHDon>2996611</SHDon><NLap>2025-10-13</NLap><HTTToan>Chuyển khoản</HTTToan><TTKhac><TTin><TTruong>Currency</TTruong><KDLieu>string</KDLieu><DLieu>VND</DLieu></TTin><TTin><TTruong>ExchangeRate</TTruong><KDLieu>string</KDLieu><DLieu>1.000000</DLieu></TTin><TTin><TTruong>InternalNote</TTruong><KDLieu>string</KDLieu><DLieu>8056592_VN01-202510130630276</DLieu></TTin></TTKhac></TTChung><NDHDon><NBan><Ten>CÔNG TY TNHH GRAB</Ten><MST>0312650437</MST><DChi>Tòa nhà Mapletree Business Centre, 1060 Nguyễn Văn Linh, Phường Tân Hưng, TP. Hồ Chí Minh, Việt Nam</DChi><TTKhac><TTin><TTruong>ComAddress</TTruong><KDLieu>string</KDLieu><DLieu>Tòa nhà Mapletree Business Centre, 1060 Nguyễn Văn Linh, Phường Tân Hưng, TP. Hồ Chí Minh, Việt Nam</DLieu></TTin></TTKhac></NBan><NMua><Ten>TRUNG TÂM FPT POLYTECHNIC THÀNH PHỐ HỒ CHÍ MINH</Ten><MST>0102635866-003</MST><DChi>778/B1 Nguyễn Kiệm, Phường Đức Nhuận, Thành phố Hồ Chí Minh</DChi><TTKhac><TTin><TTruong>CusName</TTruong><KDLieu>string</KDLieu><DLieu>TRUNG TÂM FPT POLYTECHNIC THÀNH PHỐ HỒ CHÍ MINH</DLieu></TTin><TTin><TTruong>CusCode</TTruong><KDLieu>string</KDLieu><DLieu>1000137943</DLieu></TTin><TTin><TTruong>PaymentMethod</TTruong><KDLieu>string</KDLieu><DLieu>Chuyển khoản</DLieu></TTin><TTin><TTruong>CusEmailCC</TTruong><KDLieu>string</KDLieu><DLieu>accountingsupport.vn@grabtaxi.com,</DLieu></TTin><TTin><TTruong>CusEmailInvoice</TTruong><KDLieu>string</KDLieu><DLieu>-</DLieu></TTin></TTKhac></NMua><DSHHDVu><HHDVu><TChat>5</TChat><STT>1</STT><MHHDVu>A-8FKU29PWW34QAV</MHHDVu><THHDVu>Cước phí vận chuyển mã A-8FKU29PWW34QAV</THHDVu><DVTinh>Chuyến</DVTinh><SLuong>1</SLuong><DGia>29630</DGia><TLCKhau>0</TLCKhau><STCKhau>0</STCKhau><ThTien>29630</ThTien><TSuat>8%</TSuat><TTKhac><TTin><TTruong>ProductNo</TTruong><KDLieu>string</KDLieu><DLieu>0</DLieu></TTin><TTin><TTruong>InternalNote</TTruong><KDLieu>string</KDLieu><DLieu>8056592_VN01-202510130630276</DLieu></TTin><TTin><TTruong>BookingCode</TTruong><KDLieu>string</KDLieu><DLieu>A-8FKU29PWW34QAV</DLieu></TTin><TTin><TTruong>BookingDate</TTruong><KDLieu>string</KDLieu><DLieu>2025-10-11</DLieu></TTin><TTin><TTruong>Vertical</TTruong><KDLieu>string</KDLieu><DLieu>GrabBike</DLieu></TTin><TTin><TTruong>Departurepoint</TTruong><KDLieu>string</KDLieu><DLieu>Thanh Loc, 40 St, P.An Phú Đông, TP.Hồ Chí Minh, 70000, Vietnam </DLieu></TTin><TTin><TTruong>Destination</TTruong><KDLieu>string</KDLieu><DLieu>Tòa Nhà Innovation, Lô 24, Công Viên Phần Mềm Quang Trung, P.Trung Mỹ Tây, TP.Hồ Chí Minh, 70000, Vietnam </DLieu></TTin><TTin><TTruong>Vehicle</TTruong><KDLieu>string</KDLieu><DLieu>59S3-103.03</DLieu></TTin><TTin><TTruong>ProdQuantity</TTruong><KDLieu>string</KDLieu><DLieu>1</DLieu></TTin><TTin><TTruong>ProdPrice</TTruong><KDLieu>string</KDLieu><DLieu>29630</DLieu></TTin><TTin><TTruong>VATAmount</TTruong><KDLieu>string</KDLieu><DLieu>2370</DLieu></TTin><TTin><TTruong>Total</TTruong><KDLieu>string</KDLieu><DLieu>29630</DLieu></TTin><TTin><TTruong>Amount</TTruong><KDLieu>string</KDLieu><DLieu>32000</DLieu></TTin></TTKhac><TTHHDTrung><TTin><LHHDTrung>2</LHHDTrung><TTruong>BKSPTVChuyen</TTruong><DLieu>59S3-103.03</DLieu></TTin></TTHHDTrung></HHDVu><HHDVu><TChat>5</TChat><STT>2</STT><MHHDVu>A-8FKU29PWW34QAV</MHHDVu><THHDVu>Phí dịch vụ mã A-8FKU29PWW34QAV</THHDVu><DVTinh>Chuyến</DVTinh><SLuong>1</SLuong><DGia>3704</DGia><TLCKhau>0</TLCKhau><STCKhau>0</STCKhau><ThTien>3704</ThTien><TSuat>8%</TSuat><TTKhac><TTin><TTruong>ProductNo</TTruong><KDLieu>string</KDLieu><DLieu>0</DLieu></TTin><TTin><TTruong>InternalNote</TTruong><KDLieu>string</KDLieu><DLieu>8056592_VN01-202510130630276</DLieu></TTin><TTin><TTruong>BookingCode</TTruong><KDLieu>string</KDLieu><DLieu>A-8FKU29PWW34QAV</DLieu></TTin><TTin><TTruong>BookingDate</TTruong><KDLieu>string</KDLieu><DLieu>2025-10-11</DLieu></TTin><TTin><TTruong>Vertical</TTruong><KDLieu>string</KDLieu><DLieu>GrabBike</DLieu></TTin><TTin><TTruong>Departurepoint</TTruong><KDLieu>string</KDLieu><DLieu>Thanh Loc, 40 St, P.An Phú Đông, TP.Hồ Chí Minh, 70000, Vietnam </DLieu></TTin><TTin><TTruong>Destination</TTruong><KDLieu>string</KDLieu><DLieu>Tòa Nhà Innovation, Lô 24, Công Viên Phần Mềm Quang Trung, P.Trung Mỹ Tây, TP.Hồ Chí Minh, 70000, Vietnam </DLieu></TTin><TTin><TTruong>Vehicle</TTruong><KDLieu>string</KDLieu><DLieu>59S3-103.03</DLieu></TTin><TTin><TTruong>ProdQuantity</TTruong><KDLieu>string</KDLieu><DLieu>1</DLieu></TTin><TTin><TTruong>ProdPrice</TTruong><KDLieu>string</KDLieu><DLieu>3704</DLieu></TTin><TTin><TTruong>VATAmount</TTruong><KDLieu>string</KDLieu><DLieu>296</DLieu></TTin><TTin><TTruong>Total</TTruong><KDLieu>string</KDLieu><DLieu>3704</DLieu></TTin><TTin><TTruong>Amount</TTruong><KDLieu>string</KDLieu><DLieu>4000</DLieu></TTin></TTKhac><TTHHDTrung><TTin><LHHDTrung>2</LHHDTrung><TTruong>BKSPTVChuyen</TTruong><DLieu>59S3-103.03</DLieu></TTin></TTHHDTrung></HHDVu></DSHHDVu><TToan><TgTCThue>33334</TgTCThue><TgTThue>2666</TgTThue><DSLPhi /><THTTLTSuat><LTSuat><TSuat>8%</TSuat><ThTien>33334</ThTien><TThue>2666</TThue></LTSuat></THTTLTSuat><TTCKTMai>0</TTCKTMai><TgTTTBSo>36000</TgTTTBSo><TgTTTBChu>ba mươi sáu nghìn đồng</TgTTTBChu></TToan></NDHDon><TTKhac><TTin><TTruong>SearchKey</TTruong><KDLieu>string</KDLieu><DLieu>bf6981145ff4471793d4de5e0380a1c3</DLieu></TTin><TTin><TTruong>Fkey</TTruong><KDLieu>string</KDLieu><DLieu>25GA7ay7033idye</DLieu></TTin><TTin><TTruong>MappingKey</TTruong><KDLieu>string</KDLieu><DLieu>2996611</DLieu></TTin><TTin><TTruong>CusEmailCC</TTruong><KDLieu>string</KDLieu><DLieu>accountingsupport.vn@grabtaxi.com,</DLieu></TTin><TTin><TTruong>CusEmailInvoice</TTruong><KDLieu>string</KDLieu><DLieu>-</DLieu></TTin><TTin><TTruong>VATAmount</TTruong><KDLieu>string</KDLieu><DLieu>2666</DLieu></TTin><TTin><TTruong>VATAmount0</TTruong><KDLieu>string</KDLieu><DLieu>0</DLieu></TTin><TTin><TTruong>VATAmount5</TTruong><KDLieu>string</KDLieu><DLieu>0</DLieu></TTin><TTin><TTruong>VATAmount8</TTruong><KDLieu>string</KDLieu><DLieu>2666</DLieu></TTin><TTin><TTruong>VATAmount10</TTruong><KDLieu>string</KDLieu><DLieu>0</DLieu></TTin><TTin><TTruong>GrossValueKKKTT</TTruong><KDLieu>string</KDLieu><DLieu>0</DLieu></TTin><TTin><TTruong>GrossValueKCT</TTruong><KDLieu>string</KDLieu><DLieu>0</DLieu></TTin><TTin><TTruong>GrossValue</TTruong><KDLieu>string</KDLieu><DLieu>33334</DLieu></TTin><TTin><TTruong>GrossValue0</TTruong><KDLieu>string</KDLieu><DLieu>0</DLieu></TTin><TTin><TTruong>GrossValue5</TTruong><KDLieu>string</KDLieu><DLieu>0</DLieu></TTin><TTin><TTruong>GrossValue8</TTruong><KDLieu>string</KDLieu><DLieu>33334</DLieu></TTin><TTin><TTruong>GrossValue10</TTruong><KDLieu>string</KDLieu><DLieu>0</DLieu></TTin><TTin><TTruong>AmountVAT</TTruong><KDLieu>string</KDLieu><DLieu>36000</DLieu></TTin><TTin><TTruong>AmountVAT0</TTruong><KDLieu>string</KDLieu><DLieu>0</DLieu></TTin><TTin><TTruong>AmountVAT5</TTruong><KDLieu>string</KDLieu><DLieu>0</DLieu></TTin><TTin><TTruong>AmountVAT8</TTruong><KDLieu>string</KDLieu><DLieu>36000</DLieu></TTin><TTin><TTruong>AmountVAT10</TTruong><KDLieu>string</KDLieu><DLieu>0</DLieu></TTin><TTin><TTruong>AmountInWords</TTruong><KDLieu>string</KDLieu><DLieu>ba mươi sáu nghìn đồng</DLieu></TTin><TTin><TTruong>AmountInWordsOther</TTruong><KDLieu>string</KDLieu><DLieu>Thirty six thousand VND.</DLieu></TTin></TTKhac></DLHDon><DLQRCode /><MCCQT>M1-25-ZVEBS-00602996611</MCCQT><DSCKS><NBan /><NMua /><CQT /><CCKSKhac /></DSCKS></HDon>