<HDon><DLHDon Id="DL"><TTChung><PBan>2.1.0</PBan><THDon>Hóa đơn điện tử giá trị gia tăng</THDon><KHMSHDon>1</KHMSHDon><KHHDon>C25MGA</KHHDon><SHDon>2903403</SHDon><NLap>2025-10-10</NLap><HTTToan>Chuyển khoản</HTTToan><TTKhac><TTin><TTruong>Currency</TTruong><KDLieu>string</KDLieu><DLieu>VND</DLieu></TTin><TTin><TTruong>ExchangeRate</TTruong><KDLieu>string</KDLieu><DLieu>1.000000</DLieu></TTin><TTin><TTruong>InternalNote</TTruong><KDLieu>string</KDLieu><DLieu>7932844_VN01-202510100637095</DLieu></TTin></TTKhac></TTChung><NDHDon><NBan><Ten>CÔNG TY TNHH GRAB</Ten><MST>0312650437</MST><DChi>Tòa nhà Mapletree Business Centre, 1060 Nguyễn Văn Linh, Phường Tân Hưng, TP. Hồ Chí Minh, Việt Nam</DChi><TTKhac><TTin><TTruong>ComAddress</TTruong><KDLieu>string</KDLieu><DLieu>Tòa nhà Mapletree Business Centre, 1060 Nguyễn Văn Linh, Phường Tân Hưng, TP. Hồ Chí Minh, Việt Nam</DLieu></TTin></TTKhac></NBan><NMua><Ten>TRUNG TÂM FPT POLYTECHNIC THÀNH PHỐ HỒ CHÍ MINH</Ten><MST>0102635866-003</MST><DChi>778/B1 Nguyễn Kiệm, Phường Đức Nhuận, Thành phố Hồ Chí Minh</DChi><TTKhac><TTin><TTruong>CusName</TTruong><KDLieu>string</KDLieu><DLieu>TRUNG TÂM FPT POLYTECHNIC THÀNH PHỐ HỒ CHÍ MINH</DLieu></TTin><TTin><TTruong>CusCode</TTruong><KDLieu>string</KDLieu><DLieu>1000137943</DLieu></TTin><TTin><TTruong>PaymentMethod</TTruong><KDLieu>string</KDLieu><DLieu>Chuyển khoản</DLieu></TTin><TTin><TTruong>CusEmailCC</TTruong><KDLieu>string</KDLieu><DLieu>accountingsupport.vn@grabtaxi.com,</DLieu></TTin><TTin><TTruong>CusEmailInvoice</TTruong><KDLieu>string</KDLieu><DLieu>billing.vn.ssc@grabtaxi.com</DLieu></TTin></TTKhac></NMua><DSHHDVu><HHDVu><TChat>5</TChat><STT>1</STT><MHHDVu>A-8FAEPJAGXDQEAV</MHHDVu><THHDVu>Phí dịch vụ mã A-8FAEPJAGXDQEAV</THHDVu><DVTinh>Chuyến</DVTinh><SLuong>1</SLuong><DGia>5556</DGia><TLCKhau>0</TLCKhau><STCKhau>0</STCKhau><ThTien>5556</ThTien><TSuat>8%</TSuat><TTKhac><TTin><TTruong>ProductNo</TTruong><KDLieu>string</KDLieu><DLieu>0</DLieu></TTin><TTin><TTruong>InternalNote</TTruong><KDLieu>string</KDLieu><DLieu>7932844_VN01-202510100637095</DLieu></TTin><TTin><TTruong>BookingCode</TTruong><KDLieu>string</KDLieu><DLieu>A-8FAEPJAGXDQEAV</DLieu></TTin><TTin><TTruong>BookingDate</TTruong><KDLieu>string</KDLieu><DLieu>2025-10-08</DLieu></TTin><TTin><TTruong>Vertical</TTruong><KDLieu>string</KDLieu><DLieu>GrabCar</DLieu></TTin><TTin><TTruong>Departurepoint</TTruong><KDLieu>string</KDLieu><DLieu>32A Nguyen Mau Tai St., P.Tây Nha Trang, Khánh Hòa, 57000, Vietnam </DLieu></TTin><TTin><TTruong>Destination</TTruong><KDLieu>string</KDLieu><DLieu>Thái Nguyên, P.Nha Trang, Khánh Hòa, 57000, Vietnam </DLieu></TTin><TTin><TTruong>Vehicle</TTruong><KDLieu>string</KDLieu><DLieu>79H-065.78</DLieu></TTin><TTin><TTruong>ProdQuantity</TTruong><KDLieu>string</KDLieu><DLieu>1</DLieu></TTin><TTin><TTruong>ProdPrice</TTruong><KDLieu>string</KDLieu><DLieu>5556</DLieu></TTin><TTin><TTruong>VATAmount</TTruong><KDLieu>string</KDLieu><DLieu>444</DLieu></TTin><TTin><TTruong>Total</TTruong><KDLieu>string</KDLieu><DLieu>5556</DLieu></TTin><TTin><TTruong>Amount</TTruong><KDLieu>string</KDLieu><DLieu>6000</DLieu></TTin></TTKhac><TTHHDTrung><TTin><LHHDTrung>2</LHHDTrung><TTruong>BKSPTVChuyen</TTruong><DLieu>79H-065.78</DLieu></TTin></TTHHDTrung></HHDVu><HHDVu><TChat>5</TChat><STT>2</STT><MHHDVu>A-8FAEPJAGXDQEAV</MHHDVu><THHDVu>Cước phí vận chuyển mã A-8FAEPJAGXDQEAV</THHDVu><DVTinh>Chuyến</DVTinh><SLuong>1</SLuong><DGia>82407</DGia><TLCKhau>0</TLCKhau><STCKhau>0</STCKhau><ThTien>82407</ThTien><TSuat>8%</TSuat><TTKhac><TTin><TTruong>ProductNo</TTruong><KDLieu>string</KDLieu><DLieu>0</DLieu></TTin><TTin><TTruong>InternalNote</TTruong><KDLieu>string</KDLieu><DLieu>7932844_VN01-202510100637095</DLieu></TTin><TTin><TTruong>BookingCode</TTruong><KDLieu>string</KDLieu><DLieu>A-8FAEPJAGXDQEAV</DLieu></TTin><TTin><TTruong>BookingDate</TTruong><KDLieu>string</KDLieu><DLieu>2025-10-08</DLieu></TTin><TTin><TTruong>Vertical</TTruong><KDLieu>string</KDLieu><DLieu>GrabCar</DLieu></TTin><TTin><TTruong>Departurepoint</TTruong><KDLieu>string</KDLieu><DLieu>32A Nguyen Mau Tai St., P.Tây Nha Trang, Khánh Hòa, 57000, Vietnam </DLieu></TTin><TTin><TTruong>Destination</TTruong><KDLieu>string</KDLieu><DLieu>Thái Nguyên, P.Nha Trang, Khánh Hòa, 57000, Vietnam </DLieu></TTin><TTin><TTruong>Vehicle</TTruong><KDLieu>string</KDLieu><DLieu>79H-065.78</DLieu></TTin><TTin><TTruong>ProdQuantity</TTruong><KDLieu>string</KDLieu><DLieu>1</DLieu></TTin><TTin><TTruong>ProdPrice</TTruong><KDLieu>string</KDLieu><DLieu>82407</DLieu></TTin><TTin><TTruong>VATAmount</TTruong><KDLieu>string</KDLieu><DLieu>6593</DLieu></TTin><TTin><TTruong>Total</TTruong><KDLieu>string</KDLieu><DLieu>82407</DLieu></TTin><TTin><TTruong>Amount</TTruong><KDLieu>string</KDLieu><DLieu>89000</DLieu></TTin></TTKhac><TTHHDTrung><TTin><LHHDTrung>2</LHHDTrung><TTruong>BKSPTVChuyen</TTruong><DLieu>79H-065.78</DLieu></TTin></TTHHDTrung></HHDVu></DSHHDVu><TToan><TgTCThue>87963</TgTCThue><TgTThue>7037</TgTThue><DSLPhi /><THTTLTSuat><LTSuat><TSuat>8%</TSuat><ThTien>87963</ThTien><TThue>7037</TThue></LTSuat></THTTLTSuat><TTCKTMai>0</TTCKTMai><TgTTTBSo>95000</TgTTTBSo><TgTTTBChu>chín mươi lăm nghìn đồng</TgTTTBChu></TToan></NDHDon><TTKhac><TTin><TTruong>SearchKey</TTruong><KDLieu>string</KDLieu><DLieu>1ee722b4a222413aa925f39161d8e286</DLieu></TTin><TTin><TTruong>Fkey</TTruong><KDLieu>string</KDLieu><DLieu>25GArs3c9h9266e</DLieu></TTin><TTin><TTruong>MappingKey</TTruong><KDLieu>string</KDLieu><DLieu>2903403</DLieu></TTin><TTin><TTruong>CusEmailCC</TTruong><KDLieu>string</KDLieu><DLieu>accountingsupport.vn@grabtaxi.com,</DLieu></TTin><TTin><TTruong>CusEmailInvoice</TTruong><KDLieu>string</KDLieu><DLieu>billing.vn.ssc@grabtaxi.com</DLieu></TTin><TTin><TTruong>VATAmount</TTruong><KDLieu>string</KDLieu><DLieu>7037</DLieu></TTin><TTin><TTruong>VATAmount0</TTruong><KDLieu>string</KDLieu><DLieu>0</DLieu></TTin><TTin><TTruong>VATAmount5</TTruong><KDLieu>string</KDLieu><DLieu>0</DLieu></TTin><TTin><TTruong>VATAmount8</TTruong><KDLieu>string</KDLieu><DLieu>7037</DLieu></TTin><TTin><TTruong>VATAmount10</TTruong><KDLieu>string</KDLieu><DLieu>0</DLieu></TTin><TTin><TTruong>GrossValueKKKTT</TTruong><KDLieu>string</KDLieu><DLieu>0</DLieu></TTin><TTin><TTruong>GrossValueKCT</TTruong><KDLieu>string</KDLieu><DLieu>0</DLieu></TTin><TTin><TTruong>GrossValue</TTruong><KDLieu>string</KDLieu><DLieu>87963</DLieu></TTin><TTin><TTruong>GrossValue0</TTruong><KDLieu>string</KDLieu><DLieu>0</DLieu></TTin><TTin><TTruong>GrossValue5</TTruong><KDLieu>string</KDLieu><DLieu>0</DLieu></TTin><TTin><TTruong>GrossValue8</TTruong><KDLieu>string</KDLieu><DLieu>87963</DLieu></TTin><TTin><TTruong>GrossValue10</TTruong><KDLieu>string</KDLieu><DLieu>0</DLieu></TTin><TTin><TTruong>AmountVAT</TTruong><KDLieu>string</KDLieu><DLieu>95000</DLieu></TTin><TTin><TTruong>AmountVAT0</TTruong><KDLieu>string</KDLieu><DLieu>0</DLieu></TTin><TTin><TTruong>AmountVAT5</TTruong><KDLieu>string</KDLieu><DLieu>0</DLieu></TTin><TTin><TTruong>AmountVAT8</TTruong><KDLieu>string</KDLieu><DLieu>95000</DLieu></TTin><TTin><TTruong>AmountVAT10</TTruong><KDLieu>string</KDLieu><DLieu>0</DLieu></TTin><TTin><TTruong>AmountInWords</TTruong><KDLieu>string</KDLieu><DLieu>chín mươi lăm nghìn đồng</DLieu></TTin><TTin><TTruong>AmountInWordsOther</TTruong><KDLieu>string</KDLieu><DLieu>Ninety five thousand VND.</DLieu></TTin></TTKhac></DLHDon><DLQRCode /><MCCQT>M1-25-ZVEBS-00602903403</MCCQT><DSCKS><NBan /><NMua /><CQT /><CCKSKhac /></DSCKS></HDon>