<HDon><DLHDon Id="DL"><TTChung><PBan>2.1.0</PBan><THDon>Hóa đơn điện tử giá trị gia tăng</THDon><KHMSHDon>1</KHMSHDon><KHHDon>C25MGA</KHHDon><SHDon>2903423</SHDon><NLap>2025-10-10</NLap><HTTToan>Chuyển khoản</HTTToan><TTKhac><TTin><TTruong>Currency</TTruong><KDLieu>string</KDLieu><DLieu>VND</DLieu></TTin><TTin><TTruong>ExchangeRate</TTruong><KDLieu>string</KDLieu><DLieu>1.000000</DLieu></TTin><TTin><TTruong>InternalNote</TTruong><KDLieu>string</KDLieu><DLieu>7932846_VN01-202510100637095</DLieu></TTin></TTKhac></TTChung><NDHDon><NBan><Ten>CÔNG TY TNHH GRAB</Ten><MST>0312650437</MST><DChi>Tòa nhà Mapletree Business Centre, 1060 Nguyễn Văn Linh, Phường Tân Hưng, TP. Hồ Chí Minh, Việt Nam</DChi><TTKhac><TTin><TTruong>ComAddress</TTruong><KDLieu>string</KDLieu><DLieu>Tòa nhà Mapletree Business Centre, 1060 Nguyễn Văn Linh, Phường Tân Hưng, TP. Hồ Chí Minh, Việt Nam</DLieu></TTin></TTKhac></NBan><NMua><Ten>TRUNG TÂM FPT POLYTECHNIC THÀNH PHỐ HỒ CHÍ MINH</Ten><MST>0102635866-003</MST><DChi>778/B1 Nguyễn Kiệm, Phường Đức Nhuận, Thành phố Hồ Chí Minh</DChi><TTKhac><TTin><TTruong>CusName</TTruong><KDLieu>string</KDLieu><DLieu>TRUNG TÂM FPT POLYTECHNIC THÀNH PHỐ HỒ CHÍ MINH</DLieu></TTin><TTin><TTruong>CusCode</TTruong><KDLieu>string</KDLieu><DLieu>1000137943</DLieu></TTin><TTin><TTruong>PaymentMethod</TTruong><KDLieu>string</KDLieu><DLieu>Chuyển khoản</DLieu></TTin><TTin><TTruong>CusEmailCC</TTruong><KDLieu>string</KDLieu><DLieu>accountingsupport.vn@grabtaxi.com,</DLieu></TTin><TTin><TTruong>CusEmailInvoice</TTruong><KDLieu>string</KDLieu><DLieu>billing.vn.ssc@grabtaxi.com</DLieu></TTin></TTKhac></NMua><DSHHDVu><HHDVu><TChat>5</TChat><STT>1</STT><MHHDVu>A-8FBDH2TW2T7FAV</MHHDVu><THHDVu>Cước phí vận chuyển mã A-8FBDH2TW2T7FAV</THHDVu><DVTinh>Chuyến</DVTinh><SLuong>1</SLuong><DGia>186111</DGia><TLCKhau>0</TLCKhau><STCKhau>0</STCKhau><ThTien>186111</ThTien><TSuat>8%</TSuat><TTKhac><TTin><TTruong>ProductNo</TTruong><KDLieu>string</KDLieu><DLieu>0</DLieu></TTin><TTin><TTruong>InternalNote</TTruong><KDLieu>string</KDLieu><DLieu>7932846_VN01-202510100637095</DLieu></TTin><TTin><TTruong>BookingCode</TTruong><KDLieu>string</KDLieu><DLieu>A-8FBDH2TW2T7FAV</DLieu></TTin><TTin><TTruong>BookingDate</TTruong><KDLieu>string</KDLieu><DLieu>2025-10-08</DLieu></TTin><TTin><TTruong>Vertical</TTruong><KDLieu>string</KDLieu><DLieu>GrabCar</DLieu></TTin><TTin><TTruong>Departurepoint</TTruong><KDLieu>string</KDLieu><DLieu>1 Quang Trung, P.Hạnh Thông, TP.Hồ Chí Minh, 70000, Vietnam </DLieu></TTin><TTin><TTruong>Destination</TTruong><KDLieu>string</KDLieu><DLieu>Thanh Loc, 40 St, P.An Phú Đông, TP.Hồ Chí Minh, 70000, Vietnam </DLieu></TTin><TTin><TTruong>Vehicle</TTruong><KDLieu>string</KDLieu><DLieu>51G-375.95</DLieu></TTin><TTin><TTruong>ProdQuantity</TTruong><KDLieu>string</KDLieu><DLieu>1</DLieu></TTin><TTin><TTruong>ProdPrice</TTruong><KDLieu>string</KDLieu><DLieu>186111</DLieu></TTin><TTin><TTruong>VATAmount</TTruong><KDLieu>string</KDLieu><DLieu>14889</DLieu></TTin><TTin><TTruong>Total</TTruong><KDLieu>string</KDLieu><DLieu>186111</DLieu></TTin><TTin><TTruong>Amount</TTruong><KDLieu>string</KDLieu><DLieu>201000</DLieu></TTin></TTKhac><TTHHDTrung><TTin><LHHDTrung>2</LHHDTrung><TTruong>BKSPTVChuyen</TTruong><DLieu>51G-375.95</DLieu></TTin></TTHHDTrung></HHDVu><HHDVu><TChat>5</TChat><STT>2</STT><MHHDVu>A-8FBDH2TW2T7FAV</MHHDVu><THHDVu>Phí dịch vụ mã A-8FBDH2TW2T7FAV</THHDVu><DVTinh>Chuyến</DVTinh><SLuong>1</SLuong><DGia>5556</DGia><TLCKhau>0</TLCKhau><STCKhau>0</STCKhau><ThTien>5556</ThTien><TSuat>8%</TSuat><TTKhac><TTin><TTruong>ProductNo</TTruong><KDLieu>string</KDLieu><DLieu>0</DLieu></TTin><TTin><TTruong>InternalNote</TTruong><KDLieu>string</KDLieu><DLieu>7932846_VN01-202510100637095</DLieu></TTin><TTin><TTruong>BookingCode</TTruong><KDLieu>string</KDLieu><DLieu>A-8FBDH2TW2T7FAV</DLieu></TTin><TTin><TTruong>BookingDate</TTruong><KDLieu>string</KDLieu><DLieu>2025-10-08</DLieu></TTin><TTin><TTruong>Vertical</TTruong><KDLieu>string</KDLieu><DLieu>GrabCar</DLieu></TTin><TTin><TTruong>Departurepoint</TTruong><KDLieu>string</KDLieu><DLieu>1 Quang Trung, P.Hạnh Thông, TP.Hồ Chí Minh, 70000, Vietnam </DLieu></TTin><TTin><TTruong>Destination</TTruong><KDLieu>string</KDLieu><DLieu>Thanh Loc, 40 St, P.An Phú Đông, TP.Hồ Chí Minh, 70000, Vietnam </DLieu></TTin><TTin><TTruong>Vehicle</TTruong><KDLieu>string</KDLieu><DLieu>51G-375.95</DLieu></TTin><TTin><TTruong>ProdQuantity</TTruong><KDLieu>string</KDLieu><DLieu>1</DLieu></TTin><TTin><TTruong>ProdPrice</TTruong><KDLieu>string</KDLieu><DLieu>5556</DLieu></TTin><TTin><TTruong>VATAmount</TTruong><KDLieu>string</KDLieu><DLieu>444</DLieu></TTin><TTin><TTruong>Total</TTruong><KDLieu>string</KDLieu><DLieu>5556</DLieu></TTin><TTin><TTruong>Amount</TTruong><KDLieu>string</KDLieu><DLieu>6000</DLieu></TTin></TTKhac><TTHHDTrung><TTin><LHHDTrung>2</LHHDTrung><TTruong>BKSPTVChuyen</TTruong><DLieu>51G-375.95</DLieu></TTin></TTHHDTrung></HHDVu></DSHHDVu><TToan><TgTCThue>191667</TgTCThue><TgTThue>15333</TgTThue><DSLPhi /><THTTLTSuat><LTSuat><TSuat>8%</TSuat><ThTien>191667</ThTien><TThue>15333</TThue></LTSuat></THTTLTSuat><TTCKTMai>0</TTCKTMai><TgTTTBSo>207000</TgTTTBSo><TgTTTBChu>hai trăm lẻ bảy nghìn đồng</TgTTTBChu></TToan></NDHDon><TTKhac><TTin><TTruong>SearchKey</TTruong><KDLieu>string</KDLieu><DLieu>9cf97bc172614431ad739219b21c7149</DLieu></TTin><TTin><TTruong>Fkey</TTruong><KDLieu>string</KDLieu><DLieu>25GAfyvmigeb2oz</DLieu></TTin><TTin><TTruong>MappingKey</TTruong><KDLieu>string</KDLieu><DLieu>2903423</DLieu></TTin><TTin><TTruong>CusEmailCC</TTruong><KDLieu>string</KDLieu><DLieu>accountingsupport.vn@grabtaxi.com,</DLieu></TTin><TTin><TTruong>CusEmailInvoice</TTruong><KDLieu>string</KDLieu><DLieu>billing.vn.ssc@grabtaxi.com</DLieu></TTin><TTin><TTruong>VATAmount</TTruong><KDLieu>string</KDLieu><DLieu>15333</DLieu></TTin><TTin><TTruong>VATAmount0</TTruong><KDLieu>string</KDLieu><DLieu>0</DLieu></TTin><TTin><TTruong>VATAmount5</TTruong><KDLieu>string</KDLieu><DLieu>0</DLieu></TTin><TTin><TTruong>VATAmount8</TTruong><KDLieu>string</KDLieu><DLieu>15333</DLieu></TTin><TTin><TTruong>VATAmount10</TTruong><KDLieu>string</KDLieu><DLieu>0</DLieu></TTin><TTin><TTruong>GrossValueKKKTT</TTruong><KDLieu>string</KDLieu><DLieu>0</DLieu></TTin><TTin><TTruong>GrossValueKCT</TTruong><KDLieu>string</KDLieu><DLieu>0</DLieu></TTin><TTin><TTruong>GrossValue</TTruong><KDLieu>string</KDLieu><DLieu>191667</DLieu></TTin><TTin><TTruong>GrossValue0</TTruong><KDLieu>string</KDLieu><DLieu>0</DLieu></TTin><TTin><TTruong>GrossValue5</TTruong><KDLieu>string</KDLieu><DLieu>0</DLieu></TTin><TTin><TTruong>GrossValue8</TTruong><KDLieu>string</KDLieu><DLieu>191667</DLieu></TTin><TTin><TTruong>GrossValue10</TTruong><KDLieu>string</KDLieu><DLieu>0</DLieu></TTin><TTin><TTruong>AmountVAT</TTruong><KDLieu>string</KDLieu><DLieu>207000</DLieu></TTin><TTin><TTruong>AmountVAT0</TTruong><KDLieu>string</KDLieu><DLieu>0</DLieu></TTin><TTin><TTruong>AmountVAT5</TTruong><KDLieu>string</KDLieu><DLieu>0</DLieu></TTin><TTin><TTruong>AmountVAT8</TTruong><KDLieu>string</KDLieu><DLieu>207000</DLieu></TTin><TTin><TTruong>AmountVAT10</TTruong><KDLieu>string</KDLieu><DLieu>0</DLieu></TTin><TTin><TTruong>AmountInWords</TTruong><KDLieu>string</KDLieu><DLieu>hai trăm lẻ bảy nghìn đồng</DLieu></TTin><TTin><TTruong>AmountInWordsOther</TTruong><KDLieu>string</KDLieu><DLieu>Two hundred  seven thousand VND.</DLieu></TTin></TTKhac></DLHDon><DLQRCode /><MCCQT>M1-25-ZVEBS-00602903423</MCCQT><DSCKS><NBan /><NMua /><CQT /><CCKSKhac /></DSCKS></HDon>